{
  "libero_spatial_no_noops": {
    "action": {
      "mean": [
        0.15312442183494568,
        0.13707202672958374,
        -0.15526731312274933,
        -0.005176445469260216,
        -0.011208739131689072,
        -0.02019423432648182,
        0.4578818082809448
      ],
      "std": [
        0.4127272367477417,
        0.3472447693347931,
        0.5086907148361206,
        0.037266116589307785,
        0.07244451344013214,
        0.05762419477105141,
        0.4982806146144867
      ],
      "max": [
        0.9375,
        0.9375,
        0.9375,
        0.1971428543329239,
        0.33642858266830444,
        0.375,
        1.0
      ],
      "min": [
        -0.9375,
        -0.9375,
        -0.9375,
        -0.1875,
        -0.3675000071525574,
        -0.36000001430511475,
        0.0
      ],
      "q01": [
        -0.7454732114076613,
        -0.6616071462631226,
        -0.9375,
        -0.1071428582072258,
        -0.20678570866584778,
        -0.1842857152223587,
        0.0
      ],
      "q99": [
        0.9375,
        0.8758928775787354,
        0.9321428537368774,
        0.1039285734295845,
        0.17678570747375488,
        0.14571428298950195,
        1.0
      ],
      "mask": [
        true,
        true,
        true,
        true,
        true,
        true,
        false
      ]
    },
    "proprio": {
      "mean": [
        -0.024462517350912094,
        0.10653048008680344,
        1.0580538511276245,
        3.0628459453582764,
        -0.10464031994342804,
        0.08307308703660965,
        0.01995464786887169,
        -0.02016282081604004
      ],
      "std": [
        0.11014777421951294,
        0.1378469467163086,
        0.10442803055047989,
        0.10451069474220276,
        0.4112098217010498,
        0.21766914427280426,
        0.017260877415537834,
        0.01711163856089115
      ],
      "max": [
        0.1759040206670761,
        0.3904820382595062,
        1.3290715217590332,
        3.4566118717193604,
        1.2268599271774292,
        1.0429412126541138,
        0.041053611785173416,
        0.000775813648942858
      ],
      "min": [
        -0.3095473051071167,
        -0.29250794649124146,
        0.9095591306686401,
        2.497488260269165,
        -1.8006486892700195,
        -0.7207611203193665,
        -0.0004703797458205372,
        -0.041536275297403336
      ],
      "q01": [
        -0.2727657300233841,
        -0.23721413239836692,
        0.9160063165426254,
        2.77949666261673,
        -1.3187511622905732,
        -0.41989982962608335,
        0.001503719249740243,
        -0.03989770736545324
      ],
      "q99": [
        0.13529365032911292,
        0.3629165390133857,
        1.2862326657772063,
        3.2829698753356933,
        0.9332760351896285,
        0.6325724506378171,
        0.039933966137468815,
        -0.001671919699292631
      ]
    },
    "num_transitions": 52970,
    "num_trajectories": 432
  }
}